<?xml version="1.0" encoding="UTF-8"?>
<eclipse-userlibraries>
  <library name="Maven: org.openjfx:javafx-fxml:linux:17.0.6">
    <archive path="/home/p3peat/.m2/repository/org/openjfx/javafx-fxml/17.0.6/javafx-fxml-17.0.6-linux.jar" />
  </library>
  <library name="Maven: org.openjfx:javafx-fxml:17.0.6">
    <archive path="/home/p3peat/.m2/repository/org/openjfx/javafx-fxml/17.0.6/javafx-fxml-17.0.6.jar" />
  </library>
  <library name="Maven: org.opentest4j:opentest4j:1.2.0">
    <archive path="/home/p3peat/.m2/repository/org/opentest4j/opentest4j/1.2.0/opentest4j-1.2.0.jar" />
  </library>
  <library name="Maven: org.openjfx:javafx-controls:linux:17.0.6">
    <archive path="/home/p3peat/.m2/repository/org/openjfx/javafx-controls/17.0.6/javafx-controls-17.0.6-linux.jar" />
  </library>
  <library name="Maven: org.openjfx:javafx-controls:17.0.6">
    <archive path="/home/p3peat/.m2/repository/org/openjfx/javafx-controls/17.0.6/javafx-controls-17.0.6.jar" />
  </library>
  <library name="Maven: org.openjfx:javafx-graphics:linux:17.0.6">
    <archive path="/home/p3peat/.m2/repository/org/openjfx/javafx-graphics/17.0.6/javafx-graphics-17.0.6-linux.jar" />
  </library>
  <library name="Maven: org.openjfx:javafx-graphics:17.0.6">
    <archive path="/home/p3peat/.m2/repository/org/openjfx/javafx-graphics/17.0.6/javafx-graphics-17.0.6.jar" />
  </library>
  <library name="Maven: org.junit.jupiter:junit-jupiter-engine:5.9.2">
    <archive path="/home/p3peat/.m2/repository/org/junit/jupiter/junit-jupiter-engine/5.9.2/junit-jupiter-engine-5.9.2.jar" />
  </library>
  <library name="Maven: org.junit.jupiter:junit-jupiter-api:5.9.2">
    <archive path="/home/p3peat/.m2/repository/org/junit/jupiter/junit-jupiter-api/5.9.2/junit-jupiter-api-5.9.2.jar" />
  </library>
  <library name="Maven: org.apiguardian:apiguardian-api:1.1.2">
    <archive path="/home/p3peat/.m2/repository/org/apiguardian/apiguardian-api/1.1.2/apiguardian-api-1.1.2.jar" />
  </library>
  <library name="Maven: org.openjfx:javafx-base:linux:17.0.6">
    <archive path="/home/p3peat/.m2/repository/org/openjfx/javafx-base/17.0.6/javafx-base-17.0.6-linux.jar" />
  </library>
  <library name="Maven: org.openjfx:javafx-base:17.0.6">
    <archive path="/home/p3peat/.m2/repository/org/openjfx/javafx-base/17.0.6/javafx-base-17.0.6.jar" />
  </library>
  <library name="Maven: org.junit.platform:junit-platform-engine:1.9.2">
    <archive path="/home/p3peat/.m2/repository/org/junit/platform/junit-platform-engine/1.9.2/junit-platform-engine-1.9.2.jar" />
  </library>
  <library name="Maven: org.junit.platform:junit-platform-commons:1.9.2">
    <archive path="/home/p3peat/.m2/repository/org/junit/platform/junit-platform-commons/1.9.2/junit-platform-commons-1.9.2.jar" />
  </library>
</eclipse-userlibraries>

